# ************************************************************
# Sequel Pro SQL dump
# Version 4541
#
# http://www.sequelpro.com/
# https://github.com/sequelpro/sequelpro
#
# Host: 127.0.0.1 (MySQL 5.6.25)
# Datenbank: p4c
# Erstellt am: 2017-03-25 14:24:28 +0000
# ************************************************************


/*!40101 SET @OLD_CHARACTER_SET_CLIENT=@@CHARACTER_SET_CLIENT */;
/*!40101 SET @OLD_CHARACTER_SET_RESULTS=@@CHARACTER_SET_RESULTS */;
/*!40101 SET @OLD_COLLATION_CONNECTION=@@COLLATION_CONNECTION */;
/*!40101 SET NAMES utf8 */;
/*!40014 SET @OLD_FOREIGN_KEY_CHECKS=@@FOREIGN_KEY_CHECKS, FOREIGN_KEY_CHECKS=0 */;
/*!40101 SET @OLD_SQL_MODE=@@SQL_MODE, SQL_MODE='NO_AUTO_VALUE_ON_ZERO' */;
/*!40111 SET @OLD_SQL_NOTES=@@SQL_NOTES, SQL_NOTES=0 */;


# Export von Tabelle answers
# ------------------------------------------------------------

USE emreduendar_de;

DROP TABLE IF EXISTS `answers`;

CREATE TABLE `answers` (
  `id` int(11) unsigned NOT NULL AUTO_INCREMENT,
  `question_id` int(11) DEFAULT NULL,
  `text` varchar(150) DEFAULT NULL,
  `right` tinyint(1) DEFAULT NULL,
  PRIMARY KEY (`id`)
) ENGINE=InnoDB AUTO_INCREMENT=728 DEFAULT CHARSET=utf8;

LOCK TABLES `answers` WRITE;
/*!40000 ALTER TABLE `answers` DISABLE KEYS */;

INSERT INTO `answers` (`id`, `question_id`, `text`, `right`)
VALUES
	(1,1,'Donut chart',0),
	(2,1,'Stacked bar chart',1),
	(3,1,'Funnel chart',0),
	(4,1,'Grouped line chart',1),
	(5,2,'Any account created in the last 30 days',0),
	(6,2,'All recently accessed accounts',1),
	(7,2,'Accounts selected with the sync button',0),
	(8,2,'Accounts that the user owns',0),
	(9,3,'Upload AppExchange Packages',0),
	(10,3,'Create AppExchange Packages',0),
	(11,3,'Download AppExchange Packages',1),
	(12,3,'Manage Package Licenses',0),
	(13,4,'Enhanced page layout editor',1),
	(14,4,'Enhanced lists',1),
	(15,4,'Inline editing',1),
	(16,4,'Enhanced profile list views',0),
	(17,5,'Manage users within specified roles',1),
	(18,5,'Log in as a user who has granted login access',1),
	(19,5,'Reset passwords for all users',0),
	(20,5,'Manage specified custom objects',1),
	(21,5,'Create new user profiles',0),
	(22,6,'Revenue',1),
	(23,6,'Forecast',0),
	(24,6,'Production',0),
	(25,6,'Quantity',1),
	(26,7,'Use the campaign influences related list on the opportunity',1),
	(27,7,'Select the campaign record type when creating the opportunity',0),
	(28,7,'Select the primary campaign source for the opportunity',1),
	(29,7,'Use the campaign hierarchy related list on the opportunity',0),
	(30,8,'Create a sharing rule to grant access to members of the public group.',0),
	(31,8,'Manually share each account record with members of the public group.',0),
	(32,8,'Update the organization - wide defaults for accounts to private and create a sharing rule for the group.',1),
	(33,8,'Upgrade the role hierarchy and assign members of the group to a role at the top of the hierarchy.',0),
	(34,9,'Create a formula field to calculate the discounted amount.',1),
	(35,9,'Create an auto-number field to calculate the discounted amount.',0),
	(36,9,'Create a cross object formula field to calculate the discounted amount.',0),
	(37,9,'Create a roll-up summary field to calculate the discounted amount.',0),
	(38,10,'Enable Chatter for specific users',0),
	(39,10,'Enable customizable recent items',0),
	(40,10,'Enable enhanced list views',1),
	(41,10,'Enable hover details',1),
	(42,10,'Enable spell checker',1),
	(43,11,'Read for Accounts',0),
	(44,11,'View All for Opportunities',1),
	(45,11,'Read for Opportunities',0),
	(46,11,'View All Data',0),
	(47,12,'Add Amy to the \"Sales East\" public group',0),
	(48,12,'Add Amy to Bob\'s default account team',1),
	(49,12,'Create a sharing rule between the \"Sales West\" and \"Sales East\" public groups',0),
	(50,12,'Add Amy to the role above Bob in the role hierarchy',0),
	(51,13,'An existing custom object record',0),
	(52,13,'An existing opportunity record',1),
	(53,13,'An existing account record',1),
	(54,13,'An existing contact record',0),
	(55,14,'The user will be logged out and any unsaved work in progress will be saved',0),
	(56,14,'The user will be able to continue working and start new sessions',0),
	(57,14,'The user will be able to continue working, but will be unable to start any new sessions',0),
	(58,14,'The user will be logged out and any unsaved work in progress will be lost',1),
	(59,15,'Roll-up summary fields can be created for tasks',0),
	(60,15,'Record types can be created for tasks',1),
	(61,15,'Validation rules can be created for tasks',1),
	(62,15,'Recurring tasks can be assigned to more than one user',0),
	(63,16,'Status',1),
	(64,16,'Categories',0),
	(65,16,'Sharing Rules',1),
	(66,16,'Workflow Rules',1),
	(67,17,'Formula fields can reference themselves in the formula',0),
	(68,17,'Formula fields can reference fields on a child object',0),
	(69,17,'Formula fields are read-only on record detail pages',1),
	(70,17,'Formula fields can reference fields on a parent object',1),
	(71,18,'Public groups can be used when manually sharing a record',1),
	(72,18,'Public groups can be used in sharing rules',1),
	(73,18,'Public groups can be created by any user',0),
	(74,18,'Public groups allow users to delete personal accounts',0),
	(75,19,'Use a validation rule to prevent the software from access the services team\'s sales process',0),
	(76,19,'Create a record type for each sales process and assign it to the appropriate profiles',1),
	(77,19,'Create a separate lead process for the software sales team and service sales team',0),
	(78,19,'Create a unique list of opportunity stage picklist values for each sales process',1),
	(79,20,'Excel Connector',0),
	(80,20,'Import Wizard',0),
	(81,20,'Data Loader',1),
	(82,20,'Mass Delete',1),
	(83,21,'Change the login IP ranges',0),
	(84,21,'Unlock the user',0),
	(85,21,'View the login history',1),
	(86,21,'Reset the password',0),
	(87,22,'Profile',1),
	(88,22,'Field level security',0),
	(89,22,'Sharing',0),
	(90,22,'Page layout',0),
	(91,23,'Create a new profile for Retirement Sales team members and remove read access to High Wealth account records.',0),
	(92,23,'Set the organization-wide default sharing to private and create a sharing rule to share Retirement accounts with all Sales users',1),
	(93,23,'Create a new record type for high Wealth accounts and share the record type with High Wealth sales team members',0),
	(94,23,'Set the organization-wide default sharing to public read-only and create a sharing rule to limit access to High Wealth accounts',0),
	(95,24,'It must be enabled by an administrator',1),
	(96,24,'It is available to customer portal users',0),
	(97,24,'It is available to users without a mobile license',1),
	(98,24,'It is available to partner portal users',0),
	(99,25,'Import Wizard',1),
	(100,25,'Validation rules',0),
	(101,25,'Merge Leads Function',0),
	(102,25,'Data Loader',0),
	(103,26,'Create new records from a list view',1),
	(104,26,'Edit dependent picklists inline from a list view',0),
	(105,26,'Edit multiple records directly from a list view',1),
	(106,26,'Calculate the sum of a number field displayed in a list view',0),
	(107,27,'Build a lead source report to summarize the campaign metrics',0),
	(108,27,'Establish the campaign influence between related campaigns',0),
	(109,27,'Create a campaign hierarchy and include the related campaigns',1),
	(110,27,'Create a cross object formula field to calculate summary metrics',0),
	(111,28,'The object included in the report',1),
	(112,28,'The fields available to include in the report',1),
	(113,28,'Whether the report will be tabular, summary, or matrix',0),
	(114,28,'Whether the report can be displayed in a dashboard',0),
	(115,28,'The default columns in the report',1),
	(116,29,'Store Chatter posts in a Salesforce Content group',0),
	(117,29,'Link a Salesforce Content library to a Chatter profile',0),
	(118,29,'View a list of files shared with a Chatter group',1),
	(119,29,'Post files from a Salesforce Content library to a Chatter feed',1),
	(120,30,'Create a validation rule to prevent lead conversion',0),
	(121,30,'Create two separate lead process and record types',1),
	(122,30,'Use field-level security to restrict access to the lead status values',0),
	(123,30,'Create two separate page layouts',0),
	(124,31,'Create a cross-object formula field on the account',0),
	(125,31,'Create a roll up summary field on the opportunity',0),
	(126,31,'Create a cross-object formula field on the opportunity',1),
	(127,31,'Create an account workflow rule with an opportunity field update',0),
	(128,32,'Set the field to hidden on the user profile',0),
	(129,32,'Remove the field from reports and list views',0),
	(130,32,'Set the field to hidden using field level security',1),
	(131,32,'Remove the field from the page layout',0),
	(132,33,'List views can be filtered by tags',0),
	(133,33,'List views can be filtered using AND, OR and NOT filters',1),
	(134,33,'List views can be filtered by record owner profile',0),
	(135,33,'List views can be filtered by record ownership',1),
	(136,34,'Case Teams',1),
	(137,34,'Partner Roles',0),
	(138,34,'Sales Teams',0),
	(139,34,'Contact Roles',0),
	(140,35,'Sharing Rules',0),
	(141,35,'Source Report folder access',1),
	(142,35,'Dashboard folder access',1),
	(143,35,'Dashboard properties',0),
	(144,36,'Generates URLs for content files',1),
	(145,36,'Track how often content is viewed if downloaded',1),
	(146,36,'Publishes content from Salesforce to a company\'s website',0),
	(147,36,'Makes content available to recipients within and outside of Salesforce',1),
	(148,36,'Tracks which recipients have viewed and downloaded content',0),
	(149,37,'Set the field-level security for account number to visible and read only for the sales user profile',1),
	(150,37,'Remove the \"Edit\" permission on the account object for the sales user profile',0),
	(151,37,'Set the account number field to read-only on the page layout assigned to the sales user profile',0),
	(152,37,'Set the organization-wide default settings for accounts to read only',0),
	(153,38,'Before Apex Triggers',0),
	(154,38,'After assignment rules',1),
	(155,38,'After validation rules',1),
	(156,38,'After escalation rules',0),
	(157,39,'Include attachments',1),
	(158,39,'Schedule a recurring export',1),
	(159,39,'Include the values for formula fields',0),
	(160,39,'Export a subset of records for a given object',0),
	(161,40,'Excel connector',0),
	(162,40,'Connect for Office',0),
	(163,40,'Import Wizard',1),
	(164,40,'Data Loader',0),
	(165,41,'Record types can be used to define picklist values available for a given field',1),
	(166,41,'The ability to create records of a specific record type is determined by the profile',1),
	(167,41,'Users cannot view records assigned to a record type their profile does not have access to',0),
	(168,41,'Record types can only be assigned to one profile at a time',0),
	(169,42,'The field values are archived in the setup audit trail',0),
	(170,42,'The field is removed from the associated workflow rules',0),
	(171,42,'The field history tracking data is deleted',1),
	(172,42,'The field is removed from the associated page layouts',1),
	(173,43,'The user must opt in to receive email alerts when an approval is requested',0),
	(174,43,'The user must have read permission for the object in the approval process',1),
	(175,43,'The user must be in the same role as the approval submitter in the role hierarchy',0),
	(176,43,'The user must be setup as a delegated approver',0),
	(177,44,'Create users in the organization and assign them a chatter free license',1),
	(178,44,'Assign Chatter Free licenses to users outside the specified email domains',0),
	(179,44,'Enable invites to allow users to invite others within specified email domains',1),
	(180,44,'Assign Chatter Free licenses to existing Salesforce users',0),
	(181,45,'Opportunity update reminders',1),
	(182,45,'Opportunity field history tracking',0),
	(183,45,'Opportunity Escalation Rules',0),
	(184,45,'Big deal alerts',1),
	(185,46,'Role hierarchy',0),
	(186,46,'Profile',1),
	(187,46,'Public Groups',0),
	(188,46,'Sharing Rules',0),
	(189,47,'Create a roll-up summary field',1),
	(190,47,'Create a new account record type',0),
	(191,47,'Create a lookup field from accounts to opportunities',0),
	(192,47,'Create a custom formula field',0),
	(193,48,'Lead',0),
	(194,48,'Account',1),
	(195,48,'Contact',1),
	(196,48,'Case',0),
	(197,49,'Partner Portal User',1),
	(198,49,'Queue',1),
	(199,49,'Case team',0),
	(200,49,'Contact',0),
	(201,49,'Internal Salesforce User',1),
	(202,50,'Ability to automatically assign a solution to all sub categories below the parent category',0),
	(203,50,'Ability to create solution category custom reports to find uncategorized solutions',1),
	(204,50,'Ability to control the visibility of specific solutions in the customer and self service portals',1),
	(205,50,'Ability to control the visibility of specific solutions in the Solutions and Cases tabs',0),
	(206,51,'Custom object tab names',0),
	(207,51,'Standard Field labels',0),
	(208,51,'Tab Colors and Fonts',1),
	(209,51,'Page Layouts',1),
	(210,52,'Validation rules',1),
	(211,52,'Escalation rules',0),
	(212,52,'Workflow rules',0),
	(213,52,'Auto-response rules',0),
	(214,53,'Select syncing direction and conflict behavior',1),
	(215,53,'Assign users to Outlook configuration',1),
	(216,53,'Specify a user\'s Outlook synchronization folders',0),
	(217,53,'Run a first time synchronization for each user',0),
	(218,54,'Gauge',0),
	(219,54,'Bar',1),
	(220,54,'Funnel',0),
	(221,54,'Donut',0),
	(222,55,'System administrators can access reports saved in user\'s personal folders',0),
	(223,55,'Users with the \"Manage Public Reports\" Permission can create report folders',1),
	(224,55,'Each user has a personal folder for email templates, reports and documents',1),
	(225,55,'Chatter Free users can access report folders but cannot see results returned in reports',0),
	(226,56,'Each A record must have at least one related B record',1),
	(227,56,'Each A record must have exactly one related B record',0),
	(228,56,'Each A record does not have any related B records',0),
	(229,56,'A records may or may not have related B records',1),
	(230,57,'Documents tab',0),
	(231,57,'Related list on case records',1),
	(232,57,'Customer and Partner portals',1),
	(233,57,'Chatter Knowledge tab',0),
	(234,58,'Create a default sales team for each regional group and a lead assignment rule to route leads to the default sales team',0),
	(235,58,'Create a queue for each regional group and a validation rule to enforce that the leads are assigned to the correct group',0),
	(236,58,'Create a queue for the marketing team and a workflow alert to notify the team each time a lead is assigned to the queue',0),
	(237,58,'Create a queue for each regional group and a lead assignment rule to route leads to the queues',1),
	(238,59,'Move the opportunity reports into a folder with restricted access',0),
	(239,59,'Move the opportunity reports into each users personal report folder',0),
	(240,59,'Use the \"Show\" filter to filter report results and reduce records returned',1),
	(241,59,'Update the sharing rules to limit access certain opportunities',0),
	(242,60,'The lead formula field value can be mapped to a roll up summary field on the account record',0),
	(243,60,'The lead formula field can be mapped to a formula field on the account record',0),
	(244,60,'The lead formula field can be mapped to a standard field on the account record',0),
	(245,60,'The lead formula field value can be mapped to a number field on the account record',1),
	(246,61,'Share folders with Public Groups',1),
	(247,61,'Create and share data categories',0),
	(248,61,'Designate running users',0),
	(249,61,'Share folders with roles',1),
	(250,62,'Remove all but one record type from the regional sales team profile',0),
	(251,62,'Check for validation rule that restricts the visibility of the opportunity stage',0),
	(252,62,'Ensure that regional sales users are routing consumer opportunities to the appropriate approver',0),
	(253,62,'Assign the relevant record types and sales processes to the regional sales team profile',1),
	(254,63,'To submit ideas for Salesforce application enhancements',0),
	(255,63,'To find answers to Salesforce application questions',0),
	(256,63,'When standard Salesforce functionality needs to be extended',1),
	(257,63,'When looking for pre-built custom applications and tools',1),
	(258,64,'Trending chatter topics',0),
	(259,64,'Dashboard components',1),
	(260,64,'Messages and alerts',1),
	(261,64,'Analytic snapshots',0),
	(262,64,'Pending approvals list',1),
	(263,65,'Admins can grant users the \"password never expires permission\"',1),
	(264,65,'Admins can reset passwords for all users at once',1),
	(265,65,'Admins can customize the message sent to locked out users',1),
	(266,65,'Admins can enforce an all numeric password policy',0),
	(267,65,'Admins can assign a password to a set of users',0),
	(268,66,'Create a custom profile and enable custom object permissions',1),
	(269,66,'Use an existing custom profile that will automatically have the custom object permissions enabled',0),
	(270,66,'Use an existing standard profile that will automatically have the custom object permissions enabled',0),
	(271,66,'Modify a standard profile and enable custom object permissions',0),
	(272,67,'The automated case user specified in the support settings',1),
	(273,67,'The owner of the case when the rule was triggered',0),
	(274,67,'The user who created the assignment or escalation rule',0),
	(275,67,'The default case owner specified in the assignment or escalation rule',0),
	(276,68,'Account record types',0),
	(277,68,'Sharing rules',1),
	(278,68,'Public groups',1),
	(279,68,'Field level security',0),
	(280,69,'Every time a user views a record',0),
	(281,69,'Every time a record is saved',0),
	(282,69,'Every time a record is updated',0),
	(283,69,'Every time data is synchronized with the server',1),
	(284,70,'Language',0),
	(285,70,'Timezone',0),
	(286,70,'Currency',0),
	(287,70,'Date Fields',1),
	(288,71,'Grant the user delegated administration rights to campaigns',0),
	(289,71,'Select the marketing user checkbox on the user record',1),
	(290,71,'Assign the user to the standard marketing user profile',0),
	(291,71,'Create a campaign sharing rule to grant access to the user.',0),
	(292,72,'\"Transfer\" access for leads, accounts, contacts, and opportunities',0),
	(293,72,'\"Create\" and \"Edit\" access for leads, accounts, contacts and opportunities',1),
	(294,72,'\"Convert Leads\" profile permission',1),
	(295,72,'\"Import Leads\" profile permission',0),
	(296,73,'Public Knowledge Base',1),
	(297,73,'Salesforce Content',0),
	(298,73,'Self Service Portal',1),
	(299,73,'Solution tab search',0),
	(300,74,'Knowledge automatically creates a solution for each new article',0),
	(301,74,'Knowledge allows an organization to share articles with partner portal users',1),
	(302,74,'Knowledge only allows a single article type across all data categories',0),
	(303,74,'Knowledge uses data categories and roles to make articles visible to specific users',1),
	(304,75,'Specify a default lead creator',0),
	(305,75,'Specify a default lead owner',1),
	(306,75,'Create a validation rule to route unassigned leads',0),
	(307,75,'Create an escalation rule to route unassigned leads',0),
	(308,76,'Big deal alert',0),
	(309,76,'Similar Opportunities',1),
	(310,76,'Chatter groups',1),
	(311,76,'Opportunity Update Reminders',0),
	(312,77,'Create a lookup relationship from the account page to the feedback object.',0),
	(313,77,'Add fields from the feedback object to the account page layout.',0),
	(314,77,'Assign the feedback page layout to the appropriate user profiles',1),
	(315,77,'Create a role in the hierarchy to provide user access to the new object',0),
	(316,78,'The dependent fields that appear on a layout',0),
	(317,78,'The values that appear in the dependent field',1),
	(318,78,'The default value populated in the dependent field',0),
	(319,78,'The field-level security for the dependent field',0),
	(320,79,'Grand Totals',1),
	(321,79,'Grouped by field names',0),
	(322,79,'Summary Formulas',1),
	(323,79,'Date Fields',0),
	(324,79,'Summarized Totals',1),
	(325,80,'Enable field history tracking to send an email alert tot the account owner',0),
	(326,80,'Create a workflow rule to send an email alert to the account owner',1),
	(327,80,'Create an escalation rule to notify the account owner',0),
	(328,80,'Create an auto-response rule to send an email alert to the account owner',0),
	(329,81,'The running user determines the data displayed in the components on the dashboard',1),
	(330,81,'Data access permissions determine what data the users can view in the source reports',1),
	(331,81,'Only users in the same role as the running user can view the dashboard',0),
	(332,81,'The running user becomes the default owner of the dashboard',0),
	(333,82,'Data Loader',0),
	(334,82,'Account analytic snapshot',0),
	(335,82,'Account report export',0),
	(336,82,'Data Export Service',1),
	(337,83,'Associate existing contacts with the campaign',1),
	(338,83,'Create a custom report including all campaign members',0),
	(339,83,'Associate existing opportunities with the campaign',0),
	(340,83,'Import new leads and associate them with the campaign',1),
	(341,84,'Mobile Lite configurations can be created for each user',0),
	(342,84,'Mobile Lite provides access to standard objects and dashboards',1),
	(343,84,'Mobile Lite must be enabled before users can install it',1),
	(344,84,'Mobile Lite users must have a mobile license assigned to them',0),
	(345,85,'Email field',1),
	(346,85,'Number field',1),
	(347,85,'Formula field',0),
	(348,85,'URL field',0),
	(349,85,'Text field',1),
	(350,86,'Sales quota',0),
	(351,86,'Probability',1),
	(352,86,'Amount rating',0),
	(353,86,'Forecast category',1),
	(354,87,'Tabular Reports',0),
	(355,87,'Enhanced List Views',0),
	(356,87,'Matrix Reports',1),
	(357,87,'Summary Reports',1),
	(358,88,'Opportunities',0),
	(359,88,'Knowledge',1),
	(360,88,'Dashboards',0),
	(361,88,'Ideas',1),
	(362,89,'Add the Do Not Contact field to the contact layout and make it visible for all sales user profiles.',1),
	(363,89,'Make the DNC contact records private to all sales users',0),
	(364,89,'Select the Mass Email checkbox on the DNC contact record',0),
	(365,89,'Remove the phone number and email address fields from the contact page layout for DNC contacts',1),
	(366,89,'Filter the DNC contacts from mass email list views shared with sales users',1),
	(367,90,'Rename standard field labels in the user interface',1),
	(368,90,'Edit picklist values for standard fields.',1),
	(369,90,'Delete standard fields',0),
	(370,90,'Remove no required standard fields from page layout',1),
	(371,90,'Change the field type of standard fields',0),
	(372,91,'Deleted fields and values can be restored from the recycle bin within 15 days',1),
	(373,91,'Existing field values must be transferred to a new custom field',0),
	(374,91,'Field values should be archived before a field is deleted',1),
	(375,91,'Fields must be removed from the page layouts after being deleted',0),
	(376,91,'Fields used in workflow and assignment rules cannot be deleted',1),
	(377,92,'Opportunities for the entire sales organization regardless if the user running the report',0),
	(378,92,'Opportunities owned by the user running the report and the users below them in the role hierarchy',1),
	(379,92,'Opportunities for which the user running the report is also the account owner',0),
	(380,92,'Opportunities owned by the user running the report and user in the same role in the role hierarchy',0),
	(381,93,'Whether the user\'s profile has API enabled',0),
	(382,93,'Whether a user\'s profile has login hour restriction',1),
	(383,93,'Whether the user\'s profile has trusted IP addresses',1),
	(384,93,'Whether the user\'s profile has trusted IP restrictions',1),
	(385,93,'Whether the user\'s profile has specified business hours',0),
	(386,94,'Open activities',1),
	(387,94,'Closed cases',1),
	(388,94,'Related custom object records',0),
	(389,94,'Open cases',1),
	(390,94,'Closed activities',0),
	(391,95,'Assign feature license to users',1),
	(392,95,'Delete user record',0),
	(393,95,'Assign custom profiles to users',1),
	(394,95,'Access a log of the records a user has viewed',0),
	(395,95,'Reset all users passwords',1),
	(396,96,'When different picklist values are required',1),
	(397,96,'When multiple page layouts are required.',1),
	(398,96,'When different record access is required',0),
	(399,96,'When different field-level security is required',0),
	(400,97,'Accounts',1),
	(401,97,'Leads',0),
	(402,97,'Contacts',1),
	(403,97,'Opportunities',1),
	(404,97,'Campaigns',0),
	(405,98,'Trusted IP ranges',0),
	(406,98,'Login hours',1),
	(407,98,'Password policies',0),
	(408,98,'Login IP ranges',1),
	(409,99,'Create case auto-response rules to send an email to the customer within one hour of case creation',0),
	(410,99,'Assign cases to a queue and create an escalation rule to escalate cases that have NOT been accepted by an agent within one hour',1),
	(411,99,'Create a workflow rule to send an email to support managers when a case is created and assigned to a queue',0),
	(412,99,'Create a workflow rule to assign a task to all support agents if a case has NOT been accepted by an agent within one hour',0),
	(413,100,'Validation Rules',1),
	(414,100,'Assignment Rules',2),
	(415,100,'Workflow Rules',3),
	(416,100,'Escalation Rules',4),
	(417,101,'Add the \"Manage Public Reports\" permission to the user\'s profile',1),
	(418,101,'Enable the report builder feature for the user',0),
	(419,101,'Add the \"Manage Custom Report Types\" permission to the user\'s profile',0),
	(420,101,'Grant the user access to the appropriate report folders',0),
	(421,102,'Export opportunities and update using the import wizard',1),
	(422,102,'Use similar opportunities to update the opportunities',0),
	(423,102,'Create a list view for opportunities and update using inline editing',1),
	(424,102,'Export opportunities and update using the data loader',0),
	(425,103,'Table',1),
	(426,103,'Chart',1),
	(427,103,'Metric',0),
	(428,103,'Gauge',0),
	(429,104,'Edit a member\'s library permissions',0),
	(430,104,'Add tags when editing content details',1),
	(431,104,'Share content with other users in Chatter',1),
	(432,104,'Create a new content library',0),
	(433,105,'Share annotated approval process diagrams',1),
	(434,105,'Edit the criteria used to trigger the approval process',0),
	(435,105,'Add approval steps from the process visualizer',0),
	(436,105,'View approval processes as a flow chart',1),
	(437,106,'Sharing rules open up access to records',1),
	(438,106,'Sharing rules grant record access to roles and public groups',1),
	(439,106,'Sharing rules are required in public read/write organizations',0),
	(440,106,'Sharing rules grant read/write or delete access to records',0),
	(441,107,'Workflow rules with field updates',0),
	(442,107,'Calculated columns in the related fields',0),
	(443,107,'Cross- object formula fields',1),
	(444,107,'Roll-up summary fields',0),
	(445,108,'Delete the user account',0),
	(446,108,'Deactivate and then delete the user account',0),
	(447,108,'Change the user contract details for a new hire',0),
	(448,108,'Deactivate the user account',1),
	(449,109,'Create a case assignment rule.',0),
	(450,109,'Create a case escalation rule',0),
	(451,109,'Create an ownership-based sharing rule',1),
	(452,109,'Create a criteria-based sharing rule.',0),
	(453,110,'Create a validation rule',1),
	(454,110,'Create a support process',0),
	(455,110,'Create custom fields',1),
	(456,110,'Create a page layout',0),
	(457,111,'Self-service portal',1),
	(458,111,'Salesforce Content',0),
	(459,111,'Public Knowledge Base',1),
	(460,111,'Solution tab search',0),
	(461,112,'Add the business and consumer specific fields to a single opportunity page layout',0),
	(462,112,'Create one page layout for business opportunities and another for consumer opportunities',1),
	(463,112,'Add the business fields to the opportunity page layout and make read-only for consumer sales users.',0),
	(464,112,'Create a custom object to capture the business and consumer specific data',0),
	(465,113,'Campaign',0),
	(466,113,'Case',0),
	(467,113,'Account',1),
	(468,113,'Opportunity',1),
	(469,114,'Field-level security',0),
	(470,114,'Record types',1),
	(471,114,'Page layouts',1),
	(472,114,'Support processes',1),
	(473,114,'Permission sets',0),
	(474,115,'The opportunity amount cannot be edited when products are related to the opportunity',1),
	(475,115,'The opportunity amount is the sum of the related products',1),
	(476,115,'Default schedules are not automatically created when a product is added to an opportunity',0),
	(477,115,'Deleting a product from an opportunity deletes all quotes related to the opportunity',0),
	(478,115,'All products added to an opportunity must come come from a single Price Book',1),
	(479,116,'The business process and related picklist values displayed',0),
	(480,116,'The fields users see in reports and list views',0),
	(481,116,'The record types available to each role and profile',0),
	(482,116,'The fields users see on detail and edit pages',1),
	(483,117,'Dashboard components',1),
	(484,117,'Trending Chatter topics',0),
	(485,117,'Messages and alerts',1),
	(486,117,'Analytic snapshots',0),
	(487,117,'Pending approvals list',1),
	(488,118,'Posts to a user’s profile are hidden from anyone below that user in the role hierarchy',0),
	(489,118,'Posts to a user’s profile can be made private by clicking the lock icon',0),
	(490,118,'Updates to the Chatter feed on a record are only visible to users with access to the record',1),
	(491,118,'Posts made to a user’s profile are visible to all users in the organization',1),
	(492,119,'View campaigns and manage campaign members',0),
	(493,119,'View, create, edit, and delete accounts, contacts, and opportunities',1),
	(494,119,'Search for records that were not previously downloaded to a mobile device',1),
	(495,119,'View, create, edit, and delete custom objects',0),
	(496,120,'Use the data loader to match records between the systems',0),
	(497,120,'Use an external ID field to match records between the systems',1),
	(498,120,'Use the Excel connector to export records from both systems into Excel',0),
	(499,120,'Use the data loader to insert Salesforce records into the financial system',0),
	(500,121,'Accounts and opportunities',1),
	(501,121,'Assigned user profile and role',0),
	(502,121,'Custom objects',1),
	(503,121,'Assets',0),
	(504,121,'Leads',1),
	(505,122,'Manage users in specified roles and subordinate roles',1),
	(506,122,'Log in as a user who has granted administrator login access',1),
	(507,122,'Create custom profiles with limited permissions',0),
	(508,122,'Create new users and assign them specific profiles',0),
	(509,123,'A custom logo can be added to the meeting request email sent to a contact or lead',1),
	(510,123,'The cloud scheduler can be enabled at the user profile level',0),
	(511,123,'The cloud scheduler allows users to view available meeting times on lead and contact calendars',0),
	(512,123,'Salesforce can automatically propose multiple meeting times based on Salesforce calendars',1),
	(513,124,'The report format of the resulting report',0),
	(514,124,'The objects that are available when building a report',1),
	(515,124,'The fields that can be used as columns when building a report',1),
	(516,124,'The custom summary formulas displayed in a resulting report',0),
	(517,125,'A task can be assigned to a Chatter Free user',0),
	(518,125,'A task can be reused in multiple workflow rules',1),
	(519,125,'A single task can be assigned to multiple users',0),
	(520,125,'A task can be tracked in the activity history',1),
	(521,126,'Manually share all records owned by sales representatives with sales operations',0),
	(522,126,'Define a role hierarchy where the sales operations role is above the sales representative role',1),
	(523,126,'Create sharing rules that give sales operations access to records owned by sales representatives',0),
	(524,126,'Add sales operations users to the default account teams for all sales representatives',0),
	(525,127,'Community experts are designated by an icon',1),
	(526,127,'Community experts can delete inappropriate community content',0),
	(527,127,'Community experts can be designated for Salesforce Ideas or Answers',1),
	(528,127,'Community experts can manage Salesforce Ideas categories',0),
	(529,128,'Page layouts',0),
	(530,128,'Profiles',1),
	(531,128,'Web tabs',0),
	(532,128,'Sharing rules',0),
	(533,129,'Currency field values will default to the personal currency of the record owner',0),
	(534,129,'Validation rules are not triggered when importing data using the import wizard',0),
	(535,129,'The import file should include a record owner for each record',1),
	(536,129,'Data should be de-duplicated in the import file prior to import',1),
	(537,130,'To comment on and vote for ideas posted by other community members',1),
	(538,130,'To provide access to articles that answer questions around an idea theme',0),
	(539,130,'To invite customers, partners, and employees to submit ideas around a theme',1),
	(540,130,'To post customer ideas by logging cases on the Ideas tab of the portal',0),
	(541,131,'Verify the users have the \"Edit\" permission for accounts on their profiles',0),
	(542,131,'Verify the Industry field is set as required on all the account page layouts assigned to the users\' profiles',1),
	(543,131,'Verify the users have the \"Modify All Data\" permission for accounts on their profiles',0),
	(544,131,'Verify the field-level security for the Industry field is not set to \"Read Only\" on the users\' profiles',1),
	(545,132,'Label',0),
	(546,132,'Help text',1),
	(547,132,'Default text',1),
	(548,132,'Picklist values',1),
	(549,132,'Field type',0),
	(550,133,'Validation rules',0),
	(551,133,'Merge leads function',0),
	(552,133,'Data loader',0),
	(553,133,'Import wizard',1),
	(554,134,'Roll-up summary fields',0),
	(555,134,'Workflow field update',0),
	(556,134,'Cross-object formula field',1),
	(557,134,'Lookup field',0),
	(558,135,'Support settings',0),
	(559,135,'Auto-response rule',1),
	(560,135,'Email-to-case',0),
	(561,135,'Validation rule',0),
	(562,136,'Customizable recent tags',0),
	(563,136,'Printable list views',1),
	(564,136,'Related list hover links',1),
	(565,136,'Chatter Messenger for specific users',0),
	(566,137,'Auto-response rule',0),
	(567,137,'Escalation rule',0),
	(568,137,'Workflow rule',1),
	(569,137,'Assignment rule',0),
	(570,138,'Create two sales processes',0),
	(571,138,'Create two page layouts',1),
	(572,138,'Create two permission sets',0),
	(573,138,'Create two record types',1),
	(574,139,'Campaign influence',0),
	(575,139,'Campaign members',0),
	(576,139,'Campaign lists',0),
	(577,139,'Campaign hierarchy',1),
	(578,140,'Profiles',0),
	(579,140,'Roles and subordinates',1),
	(580,140,'Public groups',1),
	(581,140,'Queues',0),
	(582,141,'Custom lead fields can be mapped to custom object fields',0),
	(583,141,'Standard lead fields are automatically converted to account, contact, and opportunity fields',1),
	(584,141,'Roll-up summary fields can be mapped to custom contact fields',0),
	(585,141,'Custom lead fields can be mapped to account, contact, and opportunity fields',1),
	(586,142,'Campaign members',0),
	(587,142,'Campaign influence',0),
	(588,142,'Campaign hierarchy',1),
	(589,142,'Campaign lists',0),
	(590,143,'Each account must not have related contacts',0),
	(591,143,'Each contact must have a related account',0),
	(592,143,'Each account may or may not have related contacts',1),
	(593,143,'Each contact may or may not have a related account',0),
	(594,144,'When records are updated by a workflow rule',0),
	(595,144,'When records are edited by a user',1),
	(596,144,'When records are deleted by a user',0),
	(597,144,'When records are imported',1),
	(598,144,'When records are submitted using web-to-lead',1),
	(599,145,'Feature license assignment',0),
	(600,145,'Assigned apps',1),
	(601,145,'Record type assignment',1),
	(602,145,'Locale settings',0),
	(603,145,'Field-level security',1),
	(604,146,'User',1),
	(605,146,'Queue',1),
	(606,146,'Case team',0),
	(607,146,'Contact',0),
	(608,147,'The time-dependent action is put on hold',0),
	(609,147,'The time-dependent action will execute on July 23',0),
	(610,147,'The time-dependent action is automatically removed from the queue',1),
	(611,147,'The time-dependent action will execute on July 30',0),
	(612,148,'Add a filter',1),
	(613,148,'Add a gauge component',0),
	(614,148,'Summarize fields',1),
	(615,148,'Schedule a refresh time',0),
	(616,148,'Add a grouping',1),
	(617,149,'Add sales engineers to account teams',0),
	(618,149,'Add Chatter groups to opportunities',0),
	(619,149,'Enable Chatter Feed Tracking on opportunities',0),
	(620,149,'Add sales engineers to opportunity teams',1),
	(621,150,'Create a custom profile for users on the facilities team',1),
	(622,150,'Modify the standard profile currently shared by both teams',0),
	(623,150,'Configure field-level security on the new object for the facilities team',0),
	(624,150,'Assign the facilities team to a new role in the role hierarchy',0),
	(625,151,'Grant the user \"Read\" profile permission for the campaign object',0),
	(626,151,'Select the \"Manage Campaigns\" profile permission',0),
	(627,151,'Select the Marketing User checkbox in the user record',1),
	(628,151,'Add the New button to the page layout using the page layout editor',0),
	(629,152,'Define the refresh times for specific dashboard components',0),
	(630,152,'Send a refresh notification to users with access to the dashboard',1),
	(631,152,'Schedule the dashboard to refresh in different time zones',0),
	(632,152,'View and remove a scheduled dashboard refresh',1),
	(633,153,'Bookmarks',1),
	(634,153,'Feeds',1),
	(635,153,'Recommendations',1),
	(636,153,'Events',0),
	(637,153,'Notes',0),
	(638,154,'A product can have a different list price in different price books',1),
	(639,154,'Price books that contain assets cannot contain products',0),
	(640,154,'Products without a price are automatically added to the standard price book',0),
	(641,154,'The standard and list price for a product can be listed in multiple currencies',1),
	(642,155,'To share support requests and dashboards with high-profile accounts',0),
	(643,155,'To allow customers to log and check the status of cases online',1),
	(644,155,'To provide Web self-service by exposing Knowledge articles',1),
	(645,155,'To allow partners to access contact records for case collaboration',0),
	(646,156,'Create an email template for each language and an assignment rule to send the appropriate template',0),
	(647,156,'Create an email template for each language and an auto-response rule to send the appropriate template',1),
	(648,156,'Create a single email template and use the translation workbench to translate and send the appropriate template',0),
	(649,156,'Create an email template for each language and a workflow rule to send the appropriate template',0),
	(650,157,'Click Unlock on the user\'s record detail page',1),
	(651,157,'Send an email to the user containing the user\'s password',0),
	(652,157,'Click Reset Password on the user\'s record details page',1),
	(653,157,'Log in as the user and enter a new password',0),
	(654,158,'Case',1),
	(655,158,'Opportunity',1),
	(656,158,'Lead',0),
	(657,158,'Contact',1),
	(658,158,'Campaign',0),
	(659,159,'Import process aborts when it encounters the first invalid record',0),
	(660,159,'Import process ignores the data validation criteria',0),
	(661,159,'Import process fails only for the records with invalid data',1),
	(662,159,'Import process requires user authorization to import the invalid records',0),
	(663,160,'Add the new value to the appropriate sales process',1),
	(664,160,'Ensure the limit of 10 stage values was not exceeded',0),
	(665,160,'Add the new value to the appropriate record type',0),
	(666,160,'Ensure the new value was marked as active',0),
	(667,161,'Child field',0),
	(668,161,'Lookup field',1),
	(669,161,'Custom link',0),
	(670,161,'Related list',0),
	(671,162,'Console User',0),
	(672,162,'Service Cloud User',1),
	(673,162,'Opportunity User',0),
	(674,162,'Knowledge User',1),
	(675,163,'Workflow Rules',1),
	(676,163,'Field Tracking',0),
	(677,163,'Validation Rules',1),
	(678,163,'Assignment Rules',0),
	(679,163,'Custom Fields',1),
	(680,164,'The field is used in a report',0),
	(681,164,'The field is used in a page layout',0),
	(682,164,'The field is used in a workflow field update',1),
	(683,164,'The field is part of a field dependency',0),
	(684,165,'Change the opportunity owner to the public group',0),
	(685,165,'Add the public group to the opportunity team',0),
	(686,165,'Add the public group to an opportunity queue',0),
	(687,165,'Manually share the record with the public group',1),
	(688,166,'Read-only',1),
	(689,166,'Read/Write/Create/Delete',0),
	(690,166,'Read/Write/Create',0),
	(691,166,'Read/Write',1),
	(692,167,'Cases not assigned to a contact',0),
	(693,167,'Notes not assigned to a record',0),
	(694,167,'Emails not associated to a record',1),
	(695,167,'Contacts not assigned to an account',1),
	(696,168,'Read/Write',1),
	(697,168,'Read/Write/Transfer',0),
	(698,168,'Read/Write/Delete',0),
	(699,168,'Read Only',1),
	(700,169,'Record currency',0),
	(701,169,'Personal currency',0),
	(702,169,'Active currency',0),
	(703,169,'Corporate currency',1),
	(704,170,'Change the organization-wide default settings',0),
	(705,170,'Create a custom profile',1),
	(706,170,'Create a sharing rule',0),
	(707,170,'Modify a standard profile',0),
	(708,171,'To display Salesforce Solutions',0),
	(709,171,'To display for customer self-service',1),
	(710,171,'To resolve customer cases',1),
	(711,171,'To display Salesforce Answers',0),
	(712,172,'Chatter Files',1),
	(713,172,'Documents',0),
	(714,172,'Attachments',0),
	(715,172,'Libraries',1),
	(716,173,'Add the survey related list to the account page layout',1),
	(717,173,'Add the account related list to the survey page layout',0),
	(718,173,'Create a lookup relationship field on the account object',0),
	(719,173,'Create a lookup relationship field on the survey object',1),
	(720,174,'Rule actions can take place immediately or on a specific date',1),
	(721,174,'All existing records are evaluated when a new rule is activated',0),
	(722,174,'Rules can be evaluated when records are created or edited',1),
	(723,174,'Rules must be deactivated before using an import wizard',0),
	(724,175,'The records type has not been activated',1),
	(725,175,'The record type has not been added to the sales user profile',1),
	(726,175,'The record type does not have an associated page layout',0),
	(727,175,'The record type has not been set as the default record type',0);

/*!40000 ALTER TABLE `answers` ENABLE KEYS */;
UNLOCK TABLES;


# Export von Tabelle questions
# ------------------------------------------------------------

DROP TABLE IF EXISTS `questions`;

CREATE TABLE `questions` (
  `id` int(11) unsigned NOT NULL AUTO_INCREMENT,
  `text` text CHARACTER SET latin1,
  `type` int(11) DEFAULT NULL,
  `opportunity` int(11) DEFAULT NULL,
  PRIMARY KEY (`id`)
) ENGINE=InnoDB AUTO_INCREMENT=176 DEFAULT CHARSET=utf8;

LOCK TABLES `questions` WRITE;
/*!40000 ALTER TABLE `questions` DISABLE KEYS */;

INSERT INTO `questions` (`id`, `text`, `type`, `opportunity`)
VALUES
	(1,'Which type of chart can be used to display summary values from two different levels of grouping in a report?(Choose 2)',1,2),
	(2,'Which accounts are automatically synchronized on Salesforce Classic Lite?',1,1),
	(3,'Which permission is required to install and uninstall packages from Salesforce AppExchange?',1,1),
	(4,'What user interface setting must be enabled for users to edit records in a list view? (Choose 2)',1,2),
	(5,'Which task can a delegated administrator perform? (Choose 3)',1,3),
	(6,'Which schedule type can be defined for a product? (Choose 2)',1,2),
	(7,'How can a sales user relate an opportunity to a campaign? (Choose 2)',1,2),
	(8,'Universal Containers set the Organization-Wide Defaults for accounts to public read/write. The sales management team is importing a new set of account records and needs to limit access to them. Access should be restricted to the account owner and members of a public group. How can this be accomplished?',1,1),
	(9,'Universal Containers is capturing a percentage discount directly on an opportunity record. Sales management needs to include the discounted opportunity amount in pipeline reports. How can the system administrator make the discounted amount available?',1,1),
	(10,'Which setting can a system administrator control in the Salesforce user interface? (Choose 3)',1,3),
	(11,'Sales Managers need to view and report on sales revenue across an entire company without having access to a custom object that tracks personal time-off request. Which permission should a system administrator enable in a custom profile to meet this requirement in a private sharing model?',1,1),
	(12,'Universal Containers has set the organization-wide default settings for accounts to private. Amy and bob are on separate sales teams, but are assigned tot he same role in the hierarchy. Amy is a member of the “Sales West” public group and needs access to all accounts owned by Bob, a member of the “Sales East” group. How would an administrator grant Amy access to only Bob’s accounts?',1,1),
	(13,'Which record type can be updated when converting a lead? (Choose 2)',1,2),
	(14,'A user profile has login hour restrictions set to Monday through Friday 8am to 5pm. The user logged in at 4:30 pm on a Tuesday and it is now 5:01 pm. Which behavior of the application should the user expect?',1,1),
	(15,'Which functionality is available when customizing tasks? (Choose 2)',1,2),
	(16,'What can an administrator assign to both Ideas and Answers?',1,1),
	(17,'Which statement about formula fields is true? (Choose 2)',1,2),
	(18,'Which statement about public groups is true? (Choose 2)',1,2),
	(19,'Universal Technology sells software and consulting services. The software sales team uses a different set of sales stages than the consulting services team. How can a system administrator set up the process? (Choose 2)',1,2),
	(20,'A system administrator at Universal containers incorrectly imported a set of records and needs to remove them from Salesforce. Which tool should the administrator use to complete the task? (Choose 2)',1,2),
	(21,'A user receives an error message when attempting to login to Salesforce. What is the first step the Salesforce administrator should take to troubleshoot the problem?',1,1),
	(22,'What determines whether a user can create a new record using a specific record type?',1,1),
	(23,'Universal Finance has segmented its customer base into two categories: High Wealth and Retirement. High Wealth accounts should be visible to High Wealth Sales team members only. Retirement accounts should be visible to all sales users. How can a system administrator meet this requirement?',1,1),
	(24,'Which statement about Mobile Lite is true? (Choose 2)',1,2),
	(25,'A marketing user has received a file of leads to import into Salesforce. What is the best way to avoid duplicating records?',1,1),
	(26,'Which functionality is available when enhanced lists are enabled? (Choose 2)',1,2),
	(27,'A marketing manager needs to view summary metrics across a set of related campaigns. How can this be accomplished?',1,1),
	(28,'What does the report type determine when a new report is created? (Choose 3)',1,3),
	(29,'Which is a capability of Chatter files? (Choose 2)',1,2),
	(30,'Sales Representatives at Universal containers perform the initial steps in the lead qualification process and sales managers complete the final qualification steps. Universal Containers’ requirements are listed below. Sales managers can access all Lead status values. Sales Representatives cannot access the final two lead status values. How can a system administrator meet these requirements?',1,1),
	(31,'Universal Containers populates the industry field on each account record. The Vice president of sales would like the industry information on related opportunity records and updated when the value is updated on the account record. How can a system administrator meet his requirement?',1,1),
	(32,'How can a System Administrator restrict users from viewing certain fields in list views, searches and reports?',1,1),
	(33,'Which is available when creating list views? (Choose 2)',1,2),
	(34,'Universal Containers outsources its first tier of customer support to a partner. What can be used to identify all individuals who contribute to resolving a case?',1,1),
	(35,'What should be used to control a user’s ability to view a dashboard? (Choose 2)',1,2),
	(36,'What is a capability of the content delivery feature of Salesforce Content? (Choose 3)',1,3),
	(37,'Universal Containers pushes an account number from an external accounting system into Salesforce. Sales users must be able to view the account number in Salesforce, but must not be able to modify it under any circumstances. How can a system administrator meet this requirement?',1,1),
	(38,'When are workflow rules evaluated based on the order of execution? (Choose 2)',1,2),
	(39,'Which functionality is available when using the data export service? (Choose 2)',1,2),
	(40,'Which tool can automatically prevent duplicate records?',1,1),
	(41,'Which statement about record types is true? (Choose 2)',1,2),
	(42,'What automatically occurs when a custom field is deleted? (Choose 2)',1,2),
	(43,'What is required to make a user an approver in the approval process?',1,1),
	(44,'How can a system administrator add users to a Salesforce organization using Chatter Free? (Choose 2)',1,2),
	(45,'Sales management at Universal Containers is requesting better visibility into specific types of sales deals. They need to be notified when opportunities worth a large amount are close to closing. They would also like to receive a list of opportunities that are still open past the close date. Which feature can a system administrator use to accomplish this? (Choose 2)',1,2),
	(46,'Universal Containers has set the organization wide default sharing for accounts to public read/write. What can be used to limit access to these records?',1,1),
	(47,'Sales representatives at Universal Containers need to view the number of open opportunities related to each account on the account record. How can a system administrator accomplish this?',1,1),
	(48,'When a lead is converted and an opportunity record is created, which other object is related to the new opportunity by default? (Choose 2)',1,2),
	(49,'Who can cases be assigned to when case assignment rules are being set up? (Choose 3)',1,3),
	(50,'Which functionality is available when solution categories are enabled? (Choose 2)',1,2),
	(51,'What can a system administrator customize for a partner portal without affecting the user interface for internal Salesforce users? (Choose 2)',1,2),
	(52,'Which automation tool will prevent a record from being created in Salesforce if the rule conditions are not met?',1,1),
	(53,'Which step must a system administrator take before users can use the Salesforce for Outlook client? (Choose 2)',1,2),
	(54,'Sales executives at Universal Containers need to view a chart that displays opportunities grouped by stage and then by region. What chart type can a system administrator use to accomplish this?',1,1),
	(55,'Which statement about report folders is true? (Choose 2)',1,2),
	(56,'What is a valid relationship type between objects A and B when defining a custom report type? (Choose 2)',1,2),
	(57,'Where can Salesforce Knowledge be accessed? (Choose 2)',1,2),
	(58,'The marketing team at Universal Containers is responsible for creating new leads and distributing them to different regional sales groups for qualification. How can a system administrator automate the process?',1,1),
	(59,'Universal Containers requires that the organization-wide default for Opportunities be set to public read/write. However sales users are reporting that opportunity reports return too many results, and this makes it difficult to find their team’s opportunities in the report results. How can an administrator address this problem?',1,1),
	(60,'A system administrator has created a formula field on a lead object to calculate a number. How can the numerical value be mapped to the account record upon lead conversion?',1,1),
	(61,'How can a system administrator grant users access to dashboards? (Choose 2)',1,2),
	(62,'Regional sales users at Universal Containers sell to both business and consumer accounts. However, sales users are unable to use the set of stages that apply to consumer opportunities. How can a system administrator correct this problem?',1,1),
	(63,'When should a system administrator consider using the Salesforce AppExchange? (Choose 2)',1,2),
	(64,'Which component can be included in a custom home page layout? (Choose 3)',1,3),
	(65,'Which option is available to a system administrator when managing passwords for Salesforce users? (Choose 3)',1,3),
	(66,'A system administrator created a custom object for a recruiting application to track open positions. The administrator needs to give recruiting users the ability to read, create, edit, and delete position records. How should the administrator proceed?',1,1),
	(67,'Which user is listed in the case history related list for case changes made from assignment and escalation rules?',1,1),
	(68,'Universal containers need to allow a group of users to view account records they do NOT own. Which feature can the system administrator use to meet this requirement? (Choose 2)',1,2),
	(69,'When are validation rules applied when using Salesforce for Outlook?',1,1),
	(70,'What is affected by changing the default locale setting for an organization?',1,1),
	(71,'A user responsible for managing and creating campaigns is unable to create a new campaign, even though the user’s profile has the “Create” profile permission for Campaigns. How should the system administrator grant the correct access to the user?',1,1),
	(72,'Which permission is required to convert a lead? (Choose 2)',1,2),
	(73,'Where can the multilingual solution search feature be enabled? (Choose 2)',1,2),
	(74,'What is a capability of Salesforce Knowledge? (Choose 2)',1,2),
	(75,'The marketing team at Universal Containers use a web-to-lead form to capture leads from its website and a lead assignment rule to assign the leads to the appropriate sales representatives. How can a system administrator ensure that all leads are handled even when they do not meet the assignment criteria?',1,1),
	(76,'When working on opportunities, sales representatives at Universal Containers need to understand how their peers have successfully managed other opportunities with comparable products, competing against the same competitors. Which feature should a system administrator use to facilitate this? (Choose 2)',1,2),
	(77,'A system administrator at Universal Containers created a custom object to capture customer feedback. How can the administrator ensure that users have access to this new object?',1,1),
	(78,'What does the controlling field determine when field dependencies are being created?',1,1),
	(79,'Which data can be highlighted in a report using conditional highlighting? (Choose 3)',1,3),
	(80,'Sales representatives at Universal Containers should be notified any time support cases related to accounts they own change status. How can the system administrator accomplish this?',1,1),
	(81,'What must a system administrator consider when setting up the running user for a dashboard? (Choose 2)',1,2),
	(82,'Universal Containers requires that its Salesforce account data, including attachments, be backed up weekly. Which tool should a system administrator use to accomplish this?',1,1),
	(83,'What can a marketing user do using the Manage Members button on a campaign record? (Choose 2)',1,2),
	(84,'What should a system administrator consider when setting up Mobile Lite? (Choose 2)',1,2),
	(85,'Which field type can be used as an external ID? (Choose 3)',1,3),
	(86,'A sales user at Universal Containers has updated the opportunity stage for an opportunity in the pipeline. What may be updated as a result of the status change? (Choose 2)',1,2),
	(87,'Where can conditional highlighting be used? (Choose 2)',1,2),
	(88,'Which tab can be included in a customer portal? (Choose 2)',1,2),
	(89,'Universal Containers has certain customers that must be placed on the Do Not Contact(DNC) list. A system administrator needs to ensure that sales representatives do not contact these customers. Which step should the system administrator take to enforce this requirement? (Choose 3)',1,3),
	(90,'Which customization option is available for standard fields? (Choose 3)',1,3),
	(91,'What should a system administrator consider when deleting a custom field? (Choose 3)',1,3),
	(92,'Universal Containers set the organization-wide-default setting for opportunities to private. Which records will an opportunity pipeline report return?',1,1),
	(93,'What does Salesforce authenticate before allowing a user to log in through the user interface? (Choose 3)',1,3),
	(94,'What can be transferred from one user to another user during a mass transfer of account records? (Choose 3)',1,3),
	(95,'Which action can a user with the standard system administrator profile take? (Choose 3)',1,3),
	(96,'Universal Containers has multiple support teams. One team handles technical support issues and another team handles billing issues. Currently, both teams are using cases to track incoming issues. When would a system administrator consider introducing a new record type for cases? (Choose 2)',1,2),
	(97,'Criteria-based sharing rules can be created for which objects? (Choose 3)',1,3),
	(98,'Which feature restricts a user’s ability to log in to Salesforce? (Choose 2)',1,2),
	(99,'Universal Containers require that support agents take ownership of and respond to incoming cases within two hours of case creation. How can a system administrator automate this process?',1,1),
	(100,'Match the automation rules with the order in which they are processed.',0,1),
	(101,'A sales user needs to create and modify all public reports. The user has the “Create and Customize Reports” permission on his profile. How can the system administrator provide the correct access?',1,1),
	(102,'A system administrator at Universal Containers needs to mass update the lead source of opportunity records. How can this be accomplished? (Choose 2)',1,2),
	(103,'Which dashboard component can display data from the summary rows of a report? (Choose 2)',1,2),
	(104,'Which privilege can be granted to members of a content library (workspace)without modifying user permissions? (Choose 2)',1,2),
	(105,'Which option is available when using the process visualizer? (Choose 2)',1,2),
	(106,'Which statement about sharing rules is true? (Choose 2)',1,2),
	(107,'Sales management at Universal Containers needs to display the information listed below on each account record. Amount of all closed won opportunities. Amount of all open opportunities. Which feature should a system administrator use to meet this requirement?',1,1),
	(108,'Which action should a system administrator take when a sales representative leaves the company?',1,1),
	(109,'Universal Containers set the OWD for cases to private. When a case is escalated, case ownership changes to a Tier 2 support agent. How can a system administrator give the sales operations team read/write access to all escalated cases?',1,1),
	(110,'Universal Containers wants to capture the invoice number and account credit score for billing cases. How would an administrator accomplish this? (Choose 2)',1,2),
	(111,'Where can the multilingual solution search feature be enabled? ( Choose 2)',1,2),
	(112,'Universal Containers sells products to both businesses and consumers. Sales representatives must capture different opportunity data for each customer type. How can a system administrator ensure that the correct information is entered for the different opportunity types?',1,1),
	(113,'What record can be created when a lead is converted? (Choose 2)',1,2),
	(114,'The support group at Universal Containers wants agents to capture different information for product support and inquiry cases. In addition, the lifecycle for product support cases should have more steps than the lifecycle for inquiry cases. What feature should an administrator use to meet these requirements? (Choose 3)',1,3),
	(115,'Which statement about the relationship between opportunities and products is true? (Choose 3)',1,3),
	(116,'What does a page layout allow an administrator to control?',1,1),
	(117,'Which component can be included in a custom homepage layout? (Choose 3)',1,3),
	(118,'Which statement about Chatter posts and comments is true? (Choose 2)',1,2),
	(119,'What can users do with Mobile Lite? (Choose 2)',1,2),
	(120,'Universal Containers needs to synchronize data between Salesforce and an external financial system. How can a system administrator accomplish this?',1,1),
	(121,'Universal Containers has set up a partner portal for use by reseller partners. What can sales representatives from partner companies access and edit through the portal? (Choose 3)',1,3),
	(122,'Which action can a delegated administrator take? (Choose 2)',1,2),
	(123,'The cloud scheduler has which capability? (Choose 2)',1,2),
	(124,'What does a custom report type determine? (Choose 2)',1,2),
	(125,'Which action is possible with a workflow task? (Choose 2)',1,2),
	(126,'The sales operations team at Universal Containers needs to be able to read, edit, delete, and transfer all records owned by sales representatives. How can a system administrator meet this requirement?',1,1),
	(127,'Which statement about Community experts is true? (Choose 2)',1,2),
	(128,'What should a system administrator use to disable access to a custom application for a group of users?',1,1),
	(129,'What should a system administrator consider before importing a set of records into Salesforce? (Choose 2)',1,2),
	(130,'What is the purpose of the Ideas community? (Choose 2)',1,2),
	(131,'Universal Containers wants to ensure that users complete the standard Industry field when creating a new account record. To address this concern, the administrator set the Industry field as required. However, some users are still able to create a new account record without completing the Industry field. What should an administrator do to troubleshoot this?(Choose2)',1,2),
	(132,'What can be modified on standard object fields? (Choose 3)',1,3),
	(133,'A marketing user has received a file of leads to import into Salesforce. What tool can be used to avoid duplicate lead records?',1,1),
	(134,'Universal Containers uses a custom field on the account object to capture the account credit status. The sales team wants to display the account credit status on opportunities. Which feature should a system administrator use to meet this requirement?',1,1),
	(135,'Universal Containers uses web-to-case to convert support requests submitted through its website into cases. The support team would like Salesforce to automatically send an email containing password reset instructions to the customer when the case subject contains the words “forgot” and “password”. What does the administrator need to configure to meet this requirement?',1,1),
	(136,'Which setting can a system administrator enable in the Salesforce user interface? (Choose 2)',1,2),
	(137,'The support team at Universal Containers wants to be more proactive about renewing support plans with customers. They would like the support representative dedicated to each account to be notified a month before the accounts support plan expires. What should an administrator configure to meet this requirement?',1,1),
	(138,'Universal Containers has two business groups, Products and Services. Both groups will be using opportunities to track deals, but different fields are required by each group. How should a system administrator meet this requirement? (Choose 2)',1,2),
	(139,'What feature allows a user to group campaigns within a specific marketing program or initiative?',1,1),
	(140,'When using sharing rules, what can records be shared with? (Choose 2)',1,2),
	(141,'What should be considered when configuring the lead conversion process? (Choose 2)',1,2),
	(142,'What feature allows a user to group campaigns within a specific marketing program or initiative?',1,1),
	(143,'What relationship can be selected in a custom report type where Accounts is the primary object and Contacts is the related object?',1,1),
	(144,'When can a validation rule be used to prevent invalid data? (Choose 3)',1,3),
	(145,'What setting is controlled by a user’s profile? (Choose 3)',1,3),
	(146,'When case assignment rules are being set up, cases can be assigned to whom? (Choose 2)',1,2),
	(147,'An opportunity record, created with a close date of July 30, meets the criteria of a time-dependent workflow rule. The time-dependent action is scheduled for July 23. What happens if the opportunity is edited before July 23 and no longer meets the criteria?',1,1),
	(148,'What is an option when customizing a report? (Choose 3)',1,3),
	(149,'Universal Containers uses a private sharing model for opportunities. The sales team wants sales engineers to be involved in specific opportunities to help sales representatives close deals faster. How can an administrator meet this request?',1,1),
	(150,'Universal Containers currently assigns its users from the facilities and IT teams to the same profile. Universal Containers recently created a custom object to track company cars and wants only users from the facilities team to have access to this new object. How can an administrator meet this requirement?',1,1),
	(151,'A marketing user need to create a new campaign, but the New button is NOT visible from the campaign homepage. The system administrator has verified that the user has the “Create” profile permission for the campaign object. How should the system administrator resolve the issue?',1,1),
	(152,'What option is available when scheduling a dashboard refresh? (Choose 2)',1,2),
	(153,'Which is a feature of Chatter? (Choose 3)',1,3),
	(154,'Which statement about products and price books is true? (Choose 2)',1,2),
	(155,'What is the purpose of the Service Cloud (customer) portal? (Choose 2)',1,2),
	(156,'The marketing team at Universal Containers wants to send an email to each lead received from its website. The country of the incoming lead should determine the language of the email that will be sent to the lead. How can a system administrator automate this process?',1,1),
	(157,'A user is having trouble logging into Salesforce. The user’s login history shows that this person has attempted to log in multiple times and has been locked out of the organization. How can the system administrator help the user log into Salesforce? (Choose 2)',1,2),
	(158,'What standard object has a one-to-many relationship with the account object? (Choose 3)',1,3),
	(159,'When importing data, what happens if some records do NOT meet the data validation criteria?',1,1),
	(160,'The VP of Sales at Universal Containers requested that “Verbal Agreement” be added as a new opportunity stage. The Administrator added this new picklist value to the stage field, but found that the new value was not available to users. What should an Administrator do?',1,1),
	(161,'If two objects have a parent-child relationship, how can a user access the child record from the parent record?',1,1),
	(162,'Which feature license can be assigned to a user record in Salesforce? (Choose 2)',1,2),
	(163,'What type of customization can be done on Activities (tasks and events)? (Choose 3)',1,3),
	(164,'Which circumstance will prevent a system administrator from deleting a custom field?',1,1),
	(165,'Universal Containers has a marketing team set up as a public group. A sales representative would like to engage the marketing team on one opportunity. What should the sales representative do to ensure the marketing team can access the opportunity?',1,1),
	(166,'What level of access can be set when sharing a document folder with users? (Choose 2)',1,2),
	(167,'What item appears in a user’s My Unresolved Items after synchronization using Salesforce for Outlook?(Choose 2)',1,2),
	(168,'What type of record access can an Administrator grant through sharing rules? (Choose 2)',1,2),
	(169,'When the multiple currencies feature is enabled, which currency is used as the basis for all currency conversion rates?',1,1),
	(170,'Sales representatives at Universal Containers should not be able to create leads, delete their own accounts, or send mass emails. How can an administrator meet these requirements?',1,1),
	(171,'How can Knowledge articles be used? (Choose 2)',1,2),
	(172,'What is a method for adding content to Salesforce CRM Content? (Choose 2)',1,2),
	(173,'Universal Containers wants to create a custom object to capture account survey data. Users must be able to select an account from the survey record. Users also need to view related surveys on the account record. How should the system administrator meet these requirements?(Choose 2)',1,2),
	(174,'What should an administrator consider when configuring workflow rules? (Choose 2)',1,2),
	(175,'A system administrator at Universal Containers created a new account record type. However, sales users are unable to select the new record type when creating new account records. What is a possible reason for this? (Choose 2)',1,2);

/*!40000 ALTER TABLE `questions` ENABLE KEYS */;
UNLOCK TABLES;


# Export von Tabelle test_questions
# ------------------------------------------------------------

DROP TABLE IF EXISTS `test_questions`;

CREATE TABLE `test_questions` (
  `id` int(11) unsigned NOT NULL AUTO_INCREMENT,
  `test_id` int(11) DEFAULT NULL,
  `question_id` int(11) DEFAULT NULL,
  `answer` varchar(255) DEFAULT NULL,
  PRIMARY KEY (`id`)
) ENGINE=InnoDB AUTO_INCREMENT=73 DEFAULT CHARSET=utf8;

LOCK TABLES `test_questions` WRITE;
/*!40000 ALTER TABLE `test_questions` DISABLE KEYS */;

INSERT INTO `test_questions` (`id`, `test_id`, `question_id`, `answer`)
VALUES
	(1,9,2,'{\"5\":true,\"6\":false,\"7\":false,\"8\":false}'),
	(2,9,1,'{\"1\":true,\"2\":false,\"3\":false,\"4\":true}'),
	(3,9,3,'{\"9\":true,\"10\":false,\"11\":false,\"12\":false}'),
	(4,10,2,NULL),
	(5,10,3,NULL),
	(6,10,1,NULL),
	(7,11,3,'{\"9\":true,\"10\":false,\"11\":false,\"12\":false}'),
	(8,11,2,'{\"9\":true,\"10\":false,\"11\":false,\"12\":false}'),
	(9,11,1,''),
	(10,12,2,NULL),
	(11,12,1,''),
	(12,12,3,NULL),
	(13,13,18,'{\"71\":true,\"72\":true,\"73\":false,\"74\":false}'),
	(14,13,123,'{\"509\":true,\"510\":false,\"511\":true,\"512\":false}'),
	(15,13,110,'{\"453\":false,\"454\":true,\"455\":true,\"456\":false}'),
	(16,13,143,'{\"590\":true,\"591\":false,\"592\":false,\"593\":false}'),
	(17,13,148,'{\"612\":false,\"613\":true,\"614\":true,\"615\":true,\"616\":false}'),
	(18,13,141,NULL),
	(19,13,154,NULL),
	(20,13,159,NULL),
	(21,13,165,NULL),
	(22,13,70,NULL),
	(23,13,28,NULL),
	(24,13,111,NULL),
	(25,13,126,NULL),
	(26,13,35,NULL),
	(27,13,128,NULL),
	(28,13,105,NULL),
	(29,13,157,NULL),
	(30,13,93,NULL),
	(31,13,55,NULL),
	(32,13,78,NULL),
	(33,13,54,NULL),
	(34,13,113,NULL),
	(35,13,97,NULL),
	(36,13,9,NULL),
	(37,13,132,NULL),
	(38,13,77,NULL),
	(39,13,124,NULL),
	(40,13,7,NULL),
	(41,13,74,NULL),
	(42,13,85,NULL),
	(43,13,167,NULL),
	(44,13,61,NULL),
	(45,13,106,NULL),
	(46,13,48,NULL),
	(47,13,140,NULL),
	(48,13,29,NULL),
	(49,13,80,NULL),
	(50,13,63,NULL),
	(51,13,88,NULL),
	(52,13,164,NULL),
	(53,13,82,NULL),
	(54,13,150,NULL),
	(55,13,131,NULL),
	(56,13,1,NULL),
	(57,13,130,NULL),
	(58,13,57,NULL),
	(59,13,127,NULL),
	(60,13,121,NULL),
	(61,13,163,NULL),
	(62,13,145,NULL),
	(63,13,45,NULL),
	(64,13,37,NULL),
	(65,13,12,NULL),
	(66,13,2,NULL),
	(67,13,38,NULL),
	(68,13,161,NULL),
	(69,13,15,NULL),
	(70,13,144,NULL),
	(71,13,129,NULL),
	(72,13,13,NULL);

/*!40000 ALTER TABLE `test_questions` ENABLE KEYS */;
UNLOCK TABLES;


# Export von Tabelle tests
# ------------------------------------------------------------

DROP TABLE IF EXISTS `tests`;

CREATE TABLE `tests` (
  `id` int(11) unsigned NOT NULL AUTO_INCREMENT,
  `user_id` int(11) DEFAULT NULL,
  `mode` tinyint(1) DEFAULT NULL,
  PRIMARY KEY (`id`)
) ENGINE=InnoDB AUTO_INCREMENT=14 DEFAULT CHARSET=utf8;

LOCK TABLES `tests` WRITE;
/*!40000 ALTER TABLE `tests` DISABLE KEYS */;

INSERT INTO `tests` (`id`, `user_id`, `mode`)
VALUES
	(9,1,1),
	(10,1,1),
	(11,1,1),
	(12,1,1),
	(13,1,1);

/*!40000 ALTER TABLE `tests` ENABLE KEYS */;
UNLOCK TABLES;


# Export von Tabelle users
# ------------------------------------------------------------

DROP TABLE IF EXISTS `users`;

CREATE TABLE `users` (
  `id` int(11) unsigned NOT NULL AUTO_INCREMENT,
  `username` varchar(50) DEFAULT NULL,
  `password` varchar(16) DEFAULT NULL,
  PRIMARY KEY (`id`)
) ENGINE=InnoDB DEFAULT CHARSET=utf8;




/*!40111 SET SQL_NOTES=@OLD_SQL_NOTES */;
/*!40101 SET SQL_MODE=@OLD_SQL_MODE */;
/*!40014 SET FOREIGN_KEY_CHECKS=@OLD_FOREIGN_KEY_CHECKS */;
/*!40101 SET CHARACTER_SET_CLIENT=@OLD_CHARACTER_SET_CLIENT */;
/*!40101 SET CHARACTER_SET_RESULTS=@OLD_CHARACTER_SET_RESULTS */;
/*!40101 SET COLLATION_CONNECTION=@OLD_COLLATION_CONNECTION */;
